id,kind,name,source_url,licence_url,spdx,retrieved,sha256,allowed_use,attribution,init_source,reviewer,status,notes
"dataset:smartdoc-2015-ch1","dataset","SmartDoc 2015 Challenge 1","https://zenodo.org/records/1230217","https://zenodo.org/records/1230217","CC-BY-4.0","2026-09-30","","train+eval","Cite the SmartDoc 2015 paper and send the requested notice email to the organisers","","research","cleared","Use the Zenodo original, not the HuggingFace DocCornerDataset aggregate. Verify at ingest."
"dataset:cord","dataset","CORD receipts","https://github.com/clovaai/cord","https://github.com/clovaai/cord","CC-BY-4.0","2026-09-30","","train+eval","Attribute CORD (Clova AI) in third-party notices","","research","cleared","Thin on long narrow receipts, thermal fade and partial frames. Verify licence text at ingest."
"dataset:midv-500","dataset","MIDV-500 / MIDV-2019","https://arxiv.org/abs/1807.05786","https://arxiv.org/abs/1807.05786","NOASSERTION","2026-09-30","","none","","","","pending","Source documents are public domain or open per the paper; verify per subset before use."
"weights:makeacopy-docquadnet-256","weights","MakeACopy DocQuadNet-256 corner net","https://github.com/egdels/makeacopy","https://github.com/egdels/makeacopy","NOASSERTION","2026-09-30","","dev comparison only","","UVDoc pretraining and DTD backgrounds per the upstream recipe (unverified)","","pending","Labelled Apache-2.0 upstream but GitHub reports NOASSERTION. Dev-only until the upstream reply (roadmap M0.26). Shipping derived weights needs an owner exception (A-7)."
"weights:docaligner","weights","DocAligner weights","https://github.com/DocsaidLab/DocAligner","https://github.com/DocsaidLab/DocAligner","LicenseRef-Unlicensed","2026-09-30","","none","","","research","blocked","No weight licence stated. Blocked until audited."
"weights:pp-lcnet-doc-ori","weights","PP-LCNet_x1_0_doc_ori orientation net","https://huggingface.co/PaddlePaddle/PP-LCNet_x1_0_doc_ori","https://huggingface.co/PaddlePaddle/PP-LCNet_x1_0_doc_ori","Apache-2.0","2026-09-30","","dev comparison only","","unknown","","blocked","Apache-2.0 tag, but training data undisclosed. Audit weight and data terms before any shipping use."
"weights:doctr","weights","DocTr dewarping weights","https://github.com/fh2019ustc/DocTr","https://github.com/fh2019ustc/DocTr","LicenseRef-NonCommercial","2026-09-30","","none","","","research","banned","Non-commercial licence confirmed by the research verification. Never use."
"weights:docgeonet","weights","DocGeoNet dewarping weights","https://github.com/fh2019ustc/DocGeoNet","https://github.com/fh2019ustc/DocGeoNet","LicenseRef-NonCommercial","2026-09-30","","none","","","research","banned","Non-commercial licence confirmed by the research verification. Never use."
"weights:docentr","weights","DocEnTr enhancement weights","https://github.com/dali92002/DocEnTr","https://github.com/dali92002/DocEnTr","LicenseRef-NonCommercial","2026-09-30","","none","","","research","banned","Non-commercial. Not used."
"weights:imagenet-backbones","weights","ImageNet-pretrained MobileNetV3/LCNet backbones","https://image-net.org/download","https://image-net.org/download","NOASSERTION","2026-09-30","","none","","ImageNet","","blocked","ImageNet terms are research-oriented; the effect on derived weights is unsettled. Needs an owner-granted exception (A-7) or a from-scratch run."
